{
  "M0": {
    "0.3": {
      "acc": 39.12,
      "steps": 3.337,
      "n": 1319,
      "spear": 0.6608388984506176
    },
    "0.4": {
      "acc": 39.58,
      "steps": 3.857,
      "n": 1319,
      "spear": 0.6705605052719591
    },
    "0.5": {
      "acc": 40.03,
      "steps": 4.457,
      "n": 1319,
      "spear": 0.6768962065931422
    },
    "0.8": {
      "acc": 40.18,
      "steps": 6.969,
      "n": 1319,
      "spear": 0.6710072689109762
    }
  },
  "M1": {
    "0.3": {
      "acc": 39.12,
      "steps": 2.603,
      "n": 1319,
      "spear": 0.659819567944797
    },
    "0.4": {
      "acc": 39.35,
      "steps": 3.163,
      "n": 1319,
      "spear": 0.651909228942014
    },
    "0.5": {
      "acc": 39.42,
      "steps": 3.727,
      "n": 1319,
      "spear": 0.6750161667700565
    },
    "0.8": {
      "acc": 39.73,
      "steps": 6.387,
      "n": 1319,
      "spear": 0.6818508835954664
    }
  },
  "M2": {
    "0.3": {
      "acc": 38.44,
      "steps": 2.095,
      "n": 1319,
      "spear": 0.630880258510865
    },
    "0.4": {
      "acc": 39.42,
      "steps": 2.519,
      "n": 1319,
      "spear": 0.6382490099264923
    },
    "0.5": {
      "acc": 39.88,
      "steps": 3.011,
      "n": 1319,
      "spear": 0.6262381650220424
    },
    "0.8": {
      "acc": 39.95,
      "steps": 4.978,
      "n": 1319,
      "spear": 0.6595248153006599
    }
  },
  "baseline": {
    "note": "SIM-CoT/CODI fixed K=6, greedy, bs=1",
    "test": {
      "acc": 39.5,
      "steps": 6.0,
      "n": 1319
    }
  }
}