{
  "dataset": "/home/ncouriel/adaptive-latent-reasoning/k-classifier/cache/dataset_train_full.npz",
  "n_train": 5978,
  "n_val": 1495,
  "majority_class": 1,
  "labels": [
    1,
    2,
    3,
    4,
    5,
    6,
    7,
    8
  ],
  "results": {
    "majority_baseline": {
      "accuracy": 0.6608695652173913,
      "f1_macro": 0.09947643979057591,
      "confusion_matrix": [
        [
          988,
          0,
          0,
          0,
          0,
          0,
          0,
          0
        ],
        [
          249,
          0,
          0,
          0,
          0,
          0,
          0,
          0
        ],
        [
          79,
          0,
          0,
          0,
          0,
          0,
          0,
          0
        ],
        [
          89,
          0,
          0,
          0,
          0,
          0,
          0,
          0
        ],
        [
          64,
          0,
          0,
          0,
          0,
          0,
          0,
          0
        ],
        [
          15,
          0,
          0,
          0,
          0,
          0,
          0,
          0
        ],
        [
          6,
          0,
          0,
          0,
          0,
          0,
          0,
          0
        ],
        [
          5,
          0,
          0,
          0,
          0,
          0,
          0,
          0
        ]
      ],
      "labels": [
        1,
        2,
        3,
        4,
        5,
        6,
        7,
        8
      ]
    },
    "logistic_regression": {
      "accuracy": 0.21003344481605352,
      "f1_macro": 0.11123421739897131,
      "confusion_matrix": [
        [
          188,
          225,
          169,
          172,
          166,
          49,
          13,
          6
        ],
        [
          54,
          69,
          33,
          35,
          36,
          12,
          7,
          3
        ],
        [
          20,
          18,
          16,
          8,
          10,
          7,
          0,
          0
        ],
        [
          12,
          15,
          21,
          22,
          13,
          3,
          3,
          0
        ],
        [
          10,
          16,
          4,
          13,
          18,
          3,
          0,
          0
        ],
        [
          7,
          0,
          2,
          2,
          3,
          1,
          0,
          0
        ],
        [
          1,
          0,
          2,
          1,
          1,
          1,
          0,
          0
        ],
        [
          1,
          1,
          1,
          0,
          1,
          1,
          0,
          0
        ]
      ],
      "labels": [
        1,
        2,
        3,
        4,
        5,
        6,
        7,
        8
      ]
    },
    "random_forest": {
      "accuracy": 0.6608695652173913,
      "f1_macro": 0.09947643979057591,
      "confusion_matrix": [
        [
          988,
          0,
          0,
          0,
          0,
          0,
          0,
          0
        ],
        [
          249,
          0,
          0,
          0,
          0,
          0,
          0,
          0
        ],
        [
          79,
          0,
          0,
          0,
          0,
          0,
          0,
          0
        ],
        [
          89,
          0,
          0,
          0,
          0,
          0,
          0,
          0
        ],
        [
          64,
          0,
          0,
          0,
          0,
          0,
          0,
          0
        ],
        [
          15,
          0,
          0,
          0,
          0,
          0,
          0,
          0
        ],
        [
          6,
          0,
          0,
          0,
          0,
          0,
          0,
          0
        ],
        [
          5,
          0,
          0,
          0,
          0,
          0,
          0,
          0
        ]
      ],
      "labels": [
        1,
        2,
        3,
        4,
        5,
        6,
        7,
        8
      ]
    }
  }
}